word,another_column
users,10
immune,8
drug,3
environmental,33
disorder,17
disk,3
strategy,5
women,3
context,18
virtual,46
delivery,19
node,33
smoking,12
spine,24
address,42
domain,25
replacement,30
maybe,34
nurse,17
sleep,8
disease,25
transaction,27
parent,29
baseball,14
family,5
infection,19
extracellular,37
deliver,4
crisis,27
architecture,26
justice,47
mood,21
ceiling,48
orientation,34
woman,20
vaccine,18
incidence,30
virus,36
contact,34
federal,49
dining,39
participate,43
signal,14
card,8
mobility,38
mirror,25
program,39
substance,13
wine,45
novel,33
martial,9
gallery,19
optical,29
cost,24
orange,30
street,34
romance,44
lips,7
trap,50
lift,25
credit,10
gain,10
structure,8
bell,1
assay,48
scene,5
dealers,42
prize,22
brick,5
jet,9
chemistry,37
tenure,23
refuse,7
sphere,1
compact,38
coach,45
leaf,14
energy,42
net,44
rabbit,28
excuse,17
curtain,36
west,48
substances,7
palace,7
dare,30
maid,27
negligence,35
doubt,28
organism,4
vector,16
curious,38
upwards,39
prestige,16
atom,4
neutron,6
honour,19
sulphate,8
mediaeval,13
cent,26
attack,22
bag,19
ball,47
bit,14
chairman,26
circle,10
contemplation,43
donkey,41
edge,5
face,5
fiction,12
gas,15
graft,8
head,17
land,45
lane,40
lass,7
multitude,42
ounce,9
part,1
pin,6
plane,10
player,18
prop,50
quilt,11
rag,38
record,7
relationship,7
risk,45
savage,27
stab,27
stroke,39
thump,33
tip,8
tree,37
twist,17
word,23
